岗位名称,公司,城市,薪资,学历要求,经验要求,技能要求,岗位描述,salary_min,salary_max,salary_avg,exp_num
软件开发工程师,某大型知名计算机软件公司,南京,10K-20K,不限,不限,Python/Java/SQL,开发前端,10.0,20.0,15.0,0
资深嵌入式工程师,江苏焓泰智维能源科技,南京,10K-13K,本科,不限,C/C++,嵌入式系统的架构设计,10.0,13.0,11.5,0
机电规划工程师,芯爱科技,南京,8K-13K,本科,不限,CAD,机电工程项目规划对接,8.0,13.0,10.5,0
售后技术工程师,帆软软件,南京,10K-14K,本科,不限,SQL/Java,售后处理,10.0,14.0,12.0,0
仿真系统C++工程师,深克智能,南京,15K-20K,本科,不限,C++,开发维护仿真系统模块,15.0,20.0,17.5,0
自动化测试,科锐国际,南京,15K-30K,本科,不限,C++,分析产品需求设计方案,15.0,30.0,22.5,0
前端开发工程师,南京智捷物流科技,南京,11K-18K,本科,不限,Python/Java,搭建高性能前端架构,11.0,18.0,14.5,0
AI 应用开发工程师,南京迈特望,南京,13K-15K,本科,不限,Python/Java/SQL,开发AI应用场景,13.0,15.0,14.0,0
AI Agent开发工程师,亚信科技,南京,12K-16K,本科,不限,Python,设计开发AI Agent,12.0,16.0,14.0,0
初级java开发工程师,华为技术有限公司,南京,15K-30K,本科,不限,SQL/Mysql,后端研发,15.0,30.0,22.5,0
软件开发工程师,成都汉达,成都,12K-24K,硕士及以上,1~5年经验,Python/C++,建立维护仿真场景,12.0,24.0,18.0,1
C++开发工程师（半导体设备）,红岩临芯,上海,15K-20K,本科,完整项目经验,C++,完成半导体设备上位机软件开发迭代,15.0,20.0,17.5,0
Agent 镜像工程师,,杭州,35K-60K,本科,不限,Python/C++,开源AI开发与上游维护,35.0,60.0,47.5,0
QT中高级开发工程师,科迪特,石家庄,5K-6K,本科,2年以上编程经验,C++/SQL,软件编码与测试,5.0,6.0,5.5,2
软件工程师,苏州法奥机器人技术,苏州,25K-40K,硕士及以上,不限,C++,机器人项目软件架构与编码,25.0,40.0,32.5,0
量化开发工程师,拓邦人才,北京,55K-85K,本科,不限,C++/SQL,设计开发量化交易底层系统,55.0,85.0,70.0,0
嵌入式软件开发/硬件开发,科锐国际,成都,20K-40K,本科,3-5年,C++/C,嵌入式软件开发,20.0,40.0,30.0,3
软件开发工程师,白盒子微电子,上海,13K-17K,硕士及以上,应届/在校,C/C++,开发设计无线通信软件,13.0,17.0,15.0,0
软件架构师（Linux C++车载智能驾驶）,中科慧眼科技,天津,30K-40K,本科,3-5年,C++,基于嵌入式平台的软件设计及开发,30.0,40.0,35.0,3
智能座舱C++软件开发工程师,北汽研究总院,北京,20K-30K,本科,5-10年,C++,完成软件开发设计及维护,20.0,30.0,25.0,5
软件工程师,宏大卫星,成都,10K-15K,本科,1-3年,C++/Python,上位机软件开发,10.0,15.0,12.5,1
AI算子工程师,象帝先,苏州,25K-50K,硕士及以上,3-5年,C++,基于硬件性能开发高性能算子库,25.0,50.0,37.5,3
软件开发,华为技术有限公司,深圳,20K-35K,本科,在校/应届,Python/C++/Java,通用/嵌入式/AI软件开发,20.0,35.0,27.5,0
上位机软件工程师,北京金翼安达航空科技,北京,13K-20K,大专,3-5年,Python/C++,Windows端上位机开发,13.0,20.0,16.5,3
软件通用岗位Agent,外企德科数字,上海,14K-25K,本科,不限,Python/Java/C++,大数据开发,14.0,25.0,19.5,0
c++高级软件工程师,道尔芬智能,扬州,9K-13K,本科,1-3年,C++,具身智能控制系统及算法开发,9.0,13.0,11.0,1
C++游戏服务器开发,聆曦网络,杭州,15K-30K,本科,1-3年,C++,游戏服务器开发,15.0,30.0,22.5,1
C++开发工程师,国网电科院,南京,25K-30K,硕士及以上,3-5年,C/C++,电力自动化支撑平台软件开发,25.0,30.0,27.5,3
C++数据开发,上海量魁私募基金管理,长沙,20K-40K,本科,3-5年,C++,量化分析交易数据并编程开发自动工具,20.0,40.0,30.0,3
Logic setting engineer逻辑设定,长鑫存储,合肥,15K-25K,硕士及以上,不限,Python/C++/C,脚本表单处理与咨询支持,15.0,25.0,20.0,0
